,0.0,0.1,0.2,0.3,0.4,0.5,0.6,0.7,0.8,0.9,1.0,1.1,1.2,1.3,1.4,1.5,1.6,1.7,1.8,1.9,2.0,2.1,2.2,2.3,2.4,2.5,2.6,2.7,2.8,2.9,3.0,3.1,3.2,3.3,3.4,3.5,3.6,3.7,3.8,3.9,4.0,4.1,4.2,4.3,4.4,4.5,4.6,4.7,4.8,4.9,5.0,5.1,5.2,5.3,5.4,5.5,5.6,5.7,5.8,5.9,6.0,6.1,6.2,6.3
0.0,NULL,NULL,NULL,NULL,NULL,NULL,NULL,NULL,NULL,NULL,NULL,NULL,NULL,NULL,NULL,NULL,NULL,NULL,NULL,NULL,NULL,NULL,NULL,NULL,2.64_12.32,0.83_12.7,0.06_12.65,-0.72_12.43,-1.43_12.07,-2.05_11.57,-2.52_11.04,-2.98_10.26,-3.32_9.29,-3.47_8.27,NULL,NULL,NULL,NULL,NULL,NULL,NULL,NULL,NULL,NULL,NULL,NULL,NULL,NULL,NULL,NULL,NULL,NULL,NULL,NULL,NULL,NULL,NULL,NULL,NULL,NULL,NULL,NULL,NULL,NULL
0.1,NULL,NULL,NULL,NULL,NULL,NULL,NULL,NULL,NULL,NULL,NULL,NULL,NULL,NULL,NULL,NULL,NULL,NULL,NULL,NULL,NULL,NULL,NULL,NULL,NULL,5.06_10.27,1.87_12.21,0.07_12.46,-1.09_12.29,-1.99_11.92,-2.62_11.49,-3.24_10.84,-3.73_10.04,-4.02_9.24,-4.19_8.08,-4.03_6.47,NULL,NULL,NULL,NULL,NULL,NULL,NULL,NULL,NULL,NULL,NULL,NULL,NULL,NULL,NULL,NULL,NULL,NULL,NULL,NULL,NULL,NULL,NULL,NULL,NULL,NULL,NULL,NULL
0.2,NULL,NULL,NULL,NULL,NULL,NULL,NULL,NULL,NULL,NULL,NULL,NULL,NULL,NULL,NULL,NULL,NULL,NULL,NULL,NULL,NULL,NULL,NULL,NULL,NULL,NULL,6.03_8.02,2.35_11.6,0.03_12.2,-1.46_12.09,-2.38_11.79,-3.26_11.26,-3.94_10.58,-4.38_9.91,-4.74_8.97,-4.9_7.84,-4.75_6.4,NULL,NULL,NULL,NULL,NULL,NULL,NULL,NULL,NULL,NULL,NULL,NULL,NULL,NULL,NULL,NULL,NULL,NULL,NULL,NULL,NULL,NULL,NULL,NULL,NULL,NULL,NULL
0.3,NULL,NULL,NULL,NULL,NULL,NULL,NULL,NULL,NULL,NULL,NULL,NULL,NULL,NULL,NULL,NULL,NULL,NULL,NULL,NULL,NULL,NULL,NULL,NULL,NULL,NULL,NULL,5.61_7.61,2.5_11.0,-0.06_11.87,-1.55_11.88,-2.88_11.54,-3.87_10.99,-4.5_10.41,-5.08_9.59,-5.45_8.64,-5.6_7.55,-5.51_6.48,NULL,NULL,NULL,NULL,NULL,NULL,NULL,NULL,NULL,NULL,NULL,NULL,NULL,NULL,NULL,NULL,NULL,NULL,NULL,NULL,NULL,NULL,NULL,NULL,NULL,NULL
0.4,NULL,NULL,NULL,NULL,NULL,NULL,NULL,NULL,NULL,NULL,NULL,NULL,NULL,NULL,NULL,NULL,NULL,NULL,NULL,NULL,NULL,NULL,NULL,NULL,NULL,NULL,NULL,NULL,4.81_8.12,1.96_10.81,-0.17_11.56,-2.08_11.6,-3.47_11.22,-4.35_10.72,-5.15_9.99,-5.71_9.14,-6.06_8.17,-6.17_7.27,-6.04_6.04,NULL,NULL,NULL,NULL,NULL,NULL,NULL,NULL,NULL,NULL,NULL,NULL,NULL,NULL,NULL,NULL,NULL,NULL,NULL,NULL,NULL,NULL,NULL,NULL,NULL
0.5,NULL,NULL,NULL,NULL,NULL,NULL,NULL,NULL,NULL,NULL,NULL,NULL,NULL,NULL,NULL,NULL,NULL,NULL,NULL,NULL,NULL,NULL,NULL,NULL,NULL,NULL,NULL,NULL,NULL,4.31_7.87,2.24_10.02,-0.34_11.15,-2.4_11.26,-3.7_10.97,-4.89_10.37,-5.76_9.61,-6.36_8.73,-6.67_7.93,-6.83_6.88,-6.72_5.72,NULL,NULL,NULL,NULL,NULL,NULL,NULL,NULL,NULL,NULL,NULL,NULL,NULL,NULL,NULL,NULL,NULL,NULL,NULL,NULL,NULL,NULL,NULL,NULL
0.6,NULL,NULL,NULL,NULL,NULL,NULL,NULL,NULL,NULL,NULL,NULL,NULL,NULL,NULL,NULL,NULL,NULL,NULL,NULL,NULL,NULL,NULL,NULL,NULL,NULL,NULL,NULL,NULL,NULL,NULL,4.06_7.2,1.93_9.55,-0.55_10.7,-2.37_10.9,-4.1_10.6,-5.39_9.98,-6.32_9.19,-6.87_8.44,-7.29_7.47,-7.46_6.44,-7.37_5.33,-7.03_4.34,NULL,NULL,NULL,NULL,NULL,NULL,NULL,NULL,NULL,NULL,NULL,NULL,NULL,NULL,NULL,NULL,NULL,NULL,NULL,NULL,NULL,NULL
0.7,NULL,NULL,NULL,NULL,NULL,NULL,NULL,NULL,NULL,NULL,NULL,NULL,NULL,NULL,NULL,NULL,NULL,NULL,NULL,NULL,NULL,NULL,NULL,NULL,NULL,NULL,NULL,NULL,NULL,NULL,NULL,NULL,1.24_9.45,-0.74_10.31,-2.92_10.53,-4.65_10.18,-5.95_9.51,-6.76_8.81,-7.43_7.88,-7.83_6.88,-7.97_5.84,-7.89_4.95,-7.5_3.83,NULL,NULL,NULL,NULL,NULL,NULL,NULL,NULL,NULL,NULL,NULL,NULL,NULL,NULL,NULL,NULL,NULL,NULL,NULL,NULL,NULL
0.8,NULL,NULL,NULL,NULL,NULL,NULL,NULL,NULL,NULL,NULL,NULL,NULL,NULL,NULL,NULL,NULL,NULL,NULL,NULL,NULL,NULL,NULL,NULL,NULL,NULL,NULL,NULL,NULL,NULL,NULL,NULL,NULL,NULL,1.25_8.76,-0.98_9.83,-3.16_10.09,-4.98_9.75,-6.17_9.19,-7.23_8.33,-7.96_7.36,-8.38_6.34,-8.53_5.47,-8.47_4.42,-8.13_3.37,NULL,NULL,NULL,NULL,NULL,NULL,NULL,NULL,NULL,NULL,NULL,NULL,NULL,NULL,NULL,NULL,NULL,NULL,NULL,NULL
0.9,NULL,NULL,NULL,NULL,NULL,NULL,NULL,NULL,NULL,NULL,NULL,NULL,NULL,NULL,NULL,NULL,NULL,NULL,NULL,NULL,NULL,NULL,NULL,NULL,NULL,NULL,NULL,NULL,NULL,NULL,NULL,NULL,NULL,NULL,NULL,-1.23_9.33,-3.37_9.61,-4.97_9.38,-6.52_8.72,-7.66_7.82,-8.43_6.81,-8.83_5.93,-9.05_4.87,-9.01_3.82,-8.78_2.97,-8.23_1.99,NULL,NULL,NULL,NULL,NULL,NULL,NULL,NULL,NULL,NULL,NULL,NULL,NULL,NULL,NULL,NULL,NULL,NULL
1.0,NULL,NULL,NULL,NULL,NULL,NULL,NULL,NULL,NULL,NULL,NULL,NULL,NULL,NULL,NULL,NULL,NULL,NULL,NULL,NULL,NULL,NULL,NULL,NULL,NULL,NULL,NULL,NULL,NULL,NULL,NULL,NULL,NULL,NULL,NULL,NULL,-1.46_8.82,-3.21_9.11,-5.18_8.9,-6.8_8.23,-8.02_7.3,-8.74_6.41,-9.28_5.31,-9.52_4.21,-9.52_3.33,-9.28_2.31,-8.79_1.37,-8.0_0.5,NULL,NULL,NULL,NULL,NULL,NULL,NULL,NULL,NULL,NULL,NULL,NULL,NULL,NULL,NULL,NULL
1.1,NULL,NULL,NULL,NULL,NULL,NULL,NULL,NULL,NULL,NULL,NULL,NULL,NULL,NULL,NULL,NULL,NULL,NULL,NULL,NULL,NULL,NULL,NULL,NULL,NULL,NULL,NULL,NULL,NULL,NULL,NULL,NULL,NULL,NULL,NULL,NULL,NULL,NULL,-3.67_8.69,-5.61_8.41,-7.24_7.67,-8.28_6.85,-9.16_5.73,-9.68_4.58,-9.87_3.63,-9.85_2.54,-9.58_1.54,-9.08_0.62,-8.46_-0.05,NULL,NULL,NULL,NULL,NULL,NULL,NULL,NULL,NULL,NULL,NULL,NULL,NULL,NULL,NULL
1.2,NULL,NULL,NULL,NULL,NULL,NULL,NULL,NULL,NULL,NULL,NULL,NULL,NULL,NULL,NULL,NULL,NULL,NULL,NULL,NULL,NULL,NULL,NULL,NULL,NULL,NULL,NULL,NULL,NULL,NULL,NULL,NULL,NULL,NULL,NULL,NULL,NULL,NULL,NULL,-3.78_8.16,-5.72_7.91,-7.16_7.32,-8.53_6.3,-9.47_5.12,-9.96_4.09,-10.24_2.89,-10.22_1.75,-9.95_0.72,-9.55_-0.04,-8.88_-0.84,-7.96_-1.48,NULL,NULL,NULL,NULL,NULL,NULL,NULL,NULL,NULL,NULL,NULL,NULL,NULL
1.3,NULL,NULL,NULL,NULL,NULL,NULL,NULL,NULL,NULL,NULL,NULL,NULL,NULL,NULL,NULL,NULL,NULL,NULL,NULL,NULL,NULL,NULL,NULL,NULL,NULL,NULL,NULL,NULL,NULL,NULL,NULL,NULL,NULL,NULL,NULL,NULL,NULL,NULL,NULL,NULL,NULL,-5.45_7.48,-7.25_6.81,-8.71_5.76,-9.59_4.71,-10.25_3.39,-10.54_2.1,-10.51_0.9,-10.29_0.0,-9.82_-0.95,-9.16_-1.74,-8.3_-2.35,-7.41_-2.71,NULL,NULL,NULL,NULL,NULL,NULL,NULL,NULL,NULL,NULL,NULL
1.4,NULL,NULL,NULL,NULL,NULL,NULL,NULL,NULL,NULL,NULL,NULL,NULL,NULL,NULL,NULL,NULL,NULL,NULL,NULL,NULL,NULL,NULL,NULL,NULL,NULL,NULL,NULL,NULL,NULL,NULL,NULL,NULL,NULL,NULL,NULL,NULL,NULL,NULL,NULL,NULL,NULL,NULL,-5.44_6.96,-7.27_6.32,-8.59_5.43,-9.77_4.09,-10.48_2.66,-10.77_1.26,-10.75_0.19,-10.47_-0.96,-9.97_-1.93,-9.28_-2.72,-8.59_-3.23,-7.61_-3.64,-6.42_-3.8,NULL,NULL,NULL,NULL,NULL,NULL,NULL,NULL,NULL
1.5,NULL,NULL,NULL,NULL,NULL,NULL,NULL,NULL,NULL,NULL,NULL,NULL,NULL,NULL,NULL,NULL,NULL,NULL,NULL,NULL,NULL,NULL,NULL,NULL,NULL,NULL,NULL,NULL,NULL,NULL,NULL,NULL,NULL,NULL,NULL,NULL,NULL,NULL,NULL,NULL,NULL,NULL,NULL,NULL,-7.24_5.92,-8.86_4.79,-10.03_3.33,-10.69_1.78,-10.91_0.53,-10.82_-0.82,-10.46_-1.99,-9.88_-2.95,-9.27_-3.59,-8.41_-4.17,-7.42_-4.52,-6.48_-4.62,NULL,NULL,NULL,NULL,NULL,NULL,NULL,NULL
1.6,NULL,NULL,NULL,NULL,NULL,NULL,NULL,NULL,NULL,NULL,NULL,NULL,NULL,NULL,NULL,NULL,NULL,NULL,NULL,NULL,NULL,NULL,NULL,NULL,NULL,NULL,NULL,NULL,NULL,NULL,NULL,NULL,NULL,NULL,NULL,NULL,NULL,NULL,NULL,NULL,NULL,NULL,NULL,NULL,NULL,-7.12_5.45,-8.83_4.29,-10.1_2.71,-10.72_1.28,-11.0_-0.38,-10.85_-1.85,-10.41_-3.08,-9.88_-3.92,-9.09_-4.7,-8.19_-5.24,-7.37_-5.51,-6.3_-5.6,-5.12_-5.39,NULL,NULL,NULL,NULL,NULL,NULL
1.7,NULL,NULL,NULL,NULL,NULL,NULL,NULL,NULL,NULL,NULL,NULL,NULL,NULL,NULL,NULL,NULL,NULL,NULL,NULL,NULL,NULL,NULL,NULL,NULL,NULL,NULL,NULL,NULL,NULL,NULL,NULL,NULL,NULL,NULL,NULL,NULL,NULL,NULL,NULL,NULL,NULL,NULL,NULL,NULL,NULL,NULL,NULL,-8.72_3.83,-9.91_2.42,-10.77_0.52,-11.01_-1.33,-10.77_-2.94,-10.33_-4.04,-9.59_-5.09,-8.72_-5.84,-7.93_-6.27,-6.92_-6.55,-5.87_-6.57,-4.77_-6.31,-3.77_-5.78,NULL,NULL,NULL,NULL
1.8,NULL,NULL,NULL,NULL,NULL,NULL,NULL,NULL,NULL,NULL,NULL,NULL,NULL,NULL,NULL,NULL,NULL,NULL,NULL,NULL,NULL,NULL,NULL,NULL,NULL,NULL,NULL,NULL,NULL,NULL,NULL,NULL,NULL,NULL,NULL,NULL,NULL,NULL,NULL,NULL,NULL,NULL,NULL,NULL,NULL,NULL,NULL,NULL,-8.56_3.48,-10.04_1.64,-10.83_-0.48,-10.92_-2.48,-10.6_-3.9,-9.92_-5.24,-9.06_-6.23,-8.26_-6.81,-7.24_-7.24,-6.2_-7.4,-5.15_-7.3,-4.28_-7.01,-3.19_-6.3,NULL,NULL,NULL
1.9,NULL,NULL,NULL,NULL,NULL,NULL,NULL,NULL,NULL,NULL,NULL,NULL,NULL,NULL,NULL,NULL,NULL,NULL,NULL,NULL,NULL,NULL,NULL,NULL,NULL,NULL,NULL,NULL,NULL,NULL,NULL,NULL,NULL,NULL,NULL,NULL,NULL,NULL,NULL,NULL,NULL,NULL,NULL,NULL,NULL,NULL,NULL,NULL,NULL,-8.29_3.11,-9.92_1.11,-10.74_-1.31,-10.77_-3.22,-10.25_-5.11,-9.39_-6.49,-8.55_-7.31,-7.49_-7.95,-6.41_-8.27,-5.35_-8.32,-4.49_-8.17,-3.49_-7.73,-2.53_-6.96,NULL,NULL
2.0,-1.17_-6.57,NULL,NULL,NULL,NULL,NULL,NULL,NULL,NULL,NULL,NULL,NULL,NULL,NULL,NULL,NULL,NULL,NULL,NULL,NULL,NULL,NULL,NULL,NULL,NULL,NULL,NULL,NULL,NULL,NULL,NULL,NULL,NULL,NULL,NULL,NULL,NULL,NULL,NULL,NULL,NULL,NULL,NULL,NULL,NULL,NULL,NULL,NULL,NULL,NULL,-7.92_2.81,-9.71_0.65,-10.52_-1.68,-10.48_-4.35,-9.7_-6.39,-8.81_-7.58,-7.64_-8.51,-6.48_-9.03,-5.36_-9.21,-4.47_-9.16,-3.46_-8.86,-2.53_-8.3,-1.69_-7.44,-1.56_-7.25
2.1,-0.96_-8.07,-0.35_-6.78,NULL,NULL,NULL,NULL,NULL,NULL,NULL,NULL,NULL,NULL,NULL,NULL,NULL,NULL,NULL,NULL,NULL,NULL,NULL,NULL,NULL,NULL,NULL,NULL,NULL,NULL,NULL,NULL,NULL,NULL,NULL,NULL,NULL,NULL,NULL,NULL,NULL,NULL,NULL,NULL,NULL,NULL,NULL,NULL,NULL,NULL,NULL,NULL,NULL,NULL,-9.14_0.75,-10.31_-2.46,-10.03_-5.57,-9.12_-7.45,-7.79_-8.87,-6.46_-9.65,-5.22_-9.99,-4.27_-10.02,-3.22_-9.81,-2.28_-9.37,-1.45_-8.68,-1.32_-8.54
2.2,-0.6_-8.99,0.0_-7.97,0.4_-6.46,NULL,NULL,NULL,NULL,NULL,NULL,NULL,NULL,NULL,NULL,NULL,NULL,NULL,NULL,NULL,NULL,NULL,NULL,NULL,NULL,NULL,NULL,NULL,NULL,NULL,NULL,NULL,NULL,NULL,NULL,NULL,NULL,NULL,NULL,NULL,NULL,NULL,NULL,NULL,NULL,NULL,NULL,NULL,NULL,NULL,NULL,NULL,NULL,NULL,NULL,-9.12_0.05,-10.1_-3.79,-9.49_-6.7,-7.99_-8.91,-6.44_-10.05,-5.04_-10.55,-4.0_-10.65,-2.9_-10.5,-1.92_-10.12,-1.08_-9.51,-0.95_-9.39
2.3,0.01_-9.86,0.61_-8.99,1.03_-7.86,1.16_-6.2,NULL,NULL,NULL,NULL,NULL,NULL,NULL,NULL,NULL,NULL,NULL,NULL,NULL,NULL,NULL,NULL,NULL,NULL,NULL,NULL,NULL,NULL,NULL,NULL,NULL,NULL,NULL,NULL,NULL,NULL,NULL,NULL,NULL,NULL,NULL,NULL,NULL,NULL,NULL,NULL,NULL,NULL,NULL,NULL,NULL,NULL,NULL,NULL,NULL,NULL,-8.64_-0.05,-9.74_-3.98,-8.54_-8.21,-6.51_-10.29,-4.77_-11.1,-3.57_-11.31,-2.36_-11.22,-1.34_-10.88,-0.48_-10.33,-0.35_-10.22
2.4,0.76_-10.54,1.36_-9.74,1.78_-8.76,1.99_-7.54,1.87_-6.09,NULL,NULL,NULL,NULL,NULL,NULL,NULL,NULL,NULL,NULL,NULL,NULL,NULL,NULL,NULL,NULL,NULL,NULL,NULL,NULL,NULL,NULL,NULL,NULL,NULL,NULL,NULL,NULL,NULL,NULL,NULL,NULL,NULL,NULL,NULL,NULL,NULL,NULL,NULL,NULL,NULL,NULL,NULL,NULL,NULL,NULL,NULL,NULL,NULL,NULL,NULL,-9.32_-4.94,-7.02_-9.91,-4.53_-11.51,-3.03_-11.86,-1.67_-11.82,-0.59_-11.49,0.28_-10.98,0.41_-10.87
2.5,1.68_-11.02,2.24_-10.27,2.65_-9.38,2.86_-8.32,2.85_-7.26,NULL,NULL,NULL,NULL,NULL,NULL,NULL,NULL,NULL,NULL,NULL,NULL,NULL,NULL,NULL,NULL,NULL,NULL,NULL,NULL,NULL,NULL,NULL,NULL,NULL,NULL,NULL,NULL,NULL,NULL,NULL,NULL,NULL,NULL,NULL,NULL,NULL,NULL,NULL,NULL,NULL,NULL,NULL,NULL,NULL,NULL,NULL,NULL,NULL,NULL,NULL,NULL,-8.72_-6.27,-4.58_-11.62,-2.37_-12.3,-0.77_-12.28,0.35_-11.95,1.21_-11.44,1.33_-11.34
2.6,2.56_-11.25,3.08_-10.54,3.45_-9.71,3.65_-8.75,3.66_-7.82,3.38_-6.45,NULL,NULL,NULL,NULL,NULL,NULL,NULL,NULL,NULL,NULL,NULL,NULL,NULL,NULL,NULL,NULL,NULL,NULL,NULL,NULL,NULL,NULL,NULL,NULL,NULL,NULL,NULL,NULL,NULL,NULL,NULL,NULL,NULL,NULL,NULL,NULL,NULL,NULL,NULL,NULL,NULL,NULL,NULL,NULL,NULL,NULL,NULL,NULL,NULL,NULL,NULL,NULL,-6.15_-10.39,-1.65_-12.6,0.24_-12.53,1.33_-12.17,2.13_-11.66,2.25_-11.56
2.7,3.81_-11.29,4.21_-10.64,4.51_-9.89,4.67_-9.02,4.67_-8.21,4.46_-7.08,3.82_-5.62,NULL,NULL,NULL,NULL,NULL,NULL,NULL,NULL,NULL,NULL,NULL,NULL,NULL,NULL,NULL,NULL,NULL,NULL,NULL,NULL,NULL,NULL,NULL,NULL,NULL,NULL,NULL,NULL,NULL,NULL,NULL,NULL,NULL,NULL,NULL,NULL,NULL,NULL,NULL,NULL,NULL,NULL,NULL,NULL,NULL,NULL,NULL,NULL,NULL,NULL,NULL,NULL,1.44_-12.72,2.32_-12.46,2.94_-12.11,3.49_-11.65,3.57_-11.57
2.8,5.33_-10.91,5.5_-10.43,5.66_-9.79,5.74_-9.04,5.71_-8.33,5.51_-7.36,5.04_-6.22,NULL,NULL,NULL,NULL,NULL,NULL,NULL,NULL,NULL,NULL,NULL,NULL,NULL,NULL,NULL,NULL,NULL,NULL,NULL,NULL,NULL,NULL,NULL,NULL,NULL,NULL,NULL,NULL,NULL,NULL,NULL,NULL,NULL,NULL,NULL,NULL,NULL,NULL,NULL,NULL,NULL,NULL,NULL,NULL,NULL,NULL,NULL,NULL,NULL,NULL,NULL,NULL,NULL,7.98_-7.76,5.54_-11.06,5.26_-11.12,5.27_-11.08
2.9,7.18_-9.77,6.95_-9.75,6.9_-9.36,6.86_-8.78,6.78_-8.19,6.56_-7.37,6.14_-6.42,5.53_-5.5,NULL,NULL,NULL,NULL,NULL,NULL,NULL,NULL,NULL,NULL,NULL,NULL,NULL,NULL,NULL,NULL,NULL,NULL,NULL,NULL,NULL,NULL,NULL,NULL,NULL,NULL,NULL,NULL,NULL,NULL,NULL,NULL,NULL,NULL,NULL,NULL,NULL,NULL,NULL,NULL,NULL,NULL,NULL,NULL,NULL,NULL,NULL,NULL,NULL,NULL,NULL,NULL,NULL,8.96_-5.74,7.62_-9.31,7.48_-9.49
3.0,8.86_-7.65,8.27_-8.62,7.99_-8.65,7.82_-8.31,7.67_-7.85,7.42_-7.17,7.01_-6.37,6.49_-5.6,5.38_-4.46,NULL,NULL,NULL,NULL,NULL,NULL,NULL,NULL,NULL,NULL,NULL,NULL,NULL,NULL,NULL,NULL,NULL,NULL,NULL,NULL,NULL,NULL,NULL,NULL,NULL,NULL,NULL,NULL,NULL,NULL,NULL,NULL,NULL,NULL,NULL,NULL,NULL,NULL,NULL,NULL,NULL,NULL,NULL,NULL,NULL,NULL,NULL,NULL,NULL,NULL,NULL,NULL,NULL,9.37_-5.59,9.27_-6.29
3.1,9.69_-3.12,9.69_-6.18,9.27_-7.21,8.96_-7.36,8.73_-7.16,8.43_-6.7,8.02_-6.08,7.54_-5.46,6.68_-4.61,NULL,NULL,NULL,NULL,NULL,NULL,NULL,NULL,NULL,NULL,NULL,NULL,NULL,NULL,NULL,NULL,NULL,NULL,NULL,NULL,NULL,NULL,NULL,NULL,NULL,NULL,NULL,NULL,NULL,NULL,NULL,NULL,NULL,NULL,NULL,NULL,NULL,NULL,NULL,NULL,NULL,NULL,NULL,NULL,NULL,NULL,NULL,NULL,NULL,NULL,NULL,NULL,NULL,8.22_0.02,8.74_-0.75
3.2,7.82_1.06,10.0_-2.45,10.24_-4.9,9.97_-5.87,9.7_-6.07,9.37_-5.93,8.95_-5.53,8.5_-5.08,7.76_-4.42,6.6_-3.63,NULL,NULL,NULL,NULL,NULL,NULL,NULL,NULL,NULL,NULL,NULL,NULL,NULL,NULL,NULL,NULL,NULL,NULL,NULL,NULL,NULL,NULL,NULL,NULL,NULL,NULL,NULL,NULL,NULL,NULL,NULL,NULL,NULL,NULL,NULL,NULL,NULL,NULL,NULL,NULL,NULL,NULL,NULL,NULL,NULL,NULL,NULL,NULL,NULL,NULL,NULL,NULL,NULL,NULL
3.3,NULL,8.79_0.58,10.35_-2.32,10.54_-4.14,10.37_-4.82,10.06_-5.04,9.66_-4.88,9.23_-4.58,8.56_-4.08,7.59_-3.47,NULL,NULL,NULL,NULL,NULL,NULL,NULL,NULL,NULL,NULL,NULL,NULL,NULL,NULL,NULL,NULL,NULL,NULL,NULL,NULL,NULL,NULL,NULL,NULL,NULL,NULL,NULL,NULL,NULL,NULL,NULL,NULL,NULL,NULL,NULL,NULL,NULL,NULL,NULL,NULL,NULL,NULL,NULL,NULL,NULL,NULL,NULL,NULL,NULL,NULL,NULL,NULL,NULL,NULL
3.4,NULL,NULL,9.21_0.8,10.55_-1.54,10.81_-2.85,10.69_-3.63,10.37_-3.84,9.99_-3.76,9.4_-3.47,8.58_-3.05,7.35_-2.55,NULL,NULL,NULL,NULL,NULL,NULL,NULL,NULL,NULL,NULL,NULL,NULL,NULL,NULL,NULL,NULL,NULL,NULL,NULL,NULL,NULL,NULL,NULL,NULL,NULL,NULL,NULL,NULL,NULL,NULL,NULL,NULL,NULL,NULL,NULL,NULL,NULL,NULL,NULL,NULL,NULL,NULL,NULL,NULL,NULL,NULL,NULL,NULL,NULL,NULL,NULL,NULL,NULL
3.5,NULL,NULL,NULL,9.51_1.14,10.57_-0.48,10.95_-1.84,10.86_-2.5,10.59_-2.69,10.09_-2.65,9.4_-2.42,8.41_-2.1,NULL,NULL,NULL,NULL,NULL,NULL,NULL,NULL,NULL,NULL,NULL,NULL,NULL,NULL,NULL,NULL,NULL,NULL,NULL,NULL,NULL,NULL,NULL,NULL,NULL,NULL,NULL,NULL,NULL,NULL,NULL,NULL,NULL,NULL,NULL,NULL,NULL,NULL,NULL,NULL,NULL,NULL,NULL,NULL,NULL,NULL,NULL,NULL,NULL,NULL,NULL,NULL,NULL
3.6,NULL,NULL,NULL,NULL,9.45_1.86,10.65_0.24,11.01_-0.87,10.94_-1.38,10.61_-1.62,10.05_-1.6,9.24_-1.45,8.3_-1.28,NULL,NULL,NULL,NULL,NULL,NULL,NULL,NULL,NULL,NULL,NULL,NULL,NULL,NULL,NULL,NULL,NULL,NULL,NULL,NULL,NULL,NULL,NULL,NULL,NULL,NULL,NULL,NULL,NULL,NULL,NULL,NULL,NULL,NULL,NULL,NULL,NULL,NULL,NULL,NULL,NULL,NULL,NULL,NULL,NULL,NULL,NULL,NULL,NULL,NULL,NULL,NULL
3.7,NULL,NULL,NULL,NULL,7.98_3.37,9.84_1.98,10.76_0.65,10.98_-0.1,10.86_-0.6,10.45_-0.79,9.78_-0.78,9.0_-0.71,NULL,NULL,NULL,NULL,NULL,NULL,NULL,NULL,NULL,NULL,NULL,NULL,NULL,NULL,NULL,NULL,NULL,NULL,NULL,NULL,NULL,NULL,NULL,NULL,NULL,NULL,NULL,NULL,NULL,NULL,NULL,NULL,NULL,NULL,NULL,NULL,NULL,NULL,NULL,NULL,NULL,NULL,NULL,NULL,NULL,NULL,NULL,NULL,NULL,NULL,NULL,NULL
3.8,NULL,NULL,NULL,NULL,NULL,8.27_3.73,9.92_2.52,10.63_1.57,10.88_0.78,10.72_0.35,10.25_0.16,9.64_0.11,8.6_0.08,NULL,NULL,NULL,NULL,NULL,NULL,NULL,NULL,NULL,NULL,NULL,NULL,NULL,NULL,NULL,NULL,NULL,NULL,NULL,NULL,NULL,NULL,NULL,NULL,NULL,NULL,NULL,NULL,NULL,NULL,NULL,NULL,NULL,NULL,NULL,NULL,NULL,NULL,NULL,NULL,NULL,NULL,NULL,NULL,NULL,NULL,NULL,NULL,NULL,NULL,NULL
3.9,NULL,NULL,NULL,NULL,NULL,NULL,8.47_4.14,9.73_3.27,10.52_2.3,10.71_1.63,10.49_1.24,10.06_1.06,9.27_0.92,8.05_0.75,NULL,NULL,NULL,NULL,NULL,NULL,NULL,NULL,NULL,NULL,NULL,NULL,NULL,NULL,NULL,NULL,NULL,NULL,NULL,NULL,NULL,NULL,NULL,NULL,NULL,NULL,NULL,NULL,NULL,NULL,NULL,NULL,NULL,NULL,NULL,NULL,NULL,NULL,NULL,NULL,NULL,NULL,NULL,NULL,NULL,NULL,NULL,NULL,NULL,NULL
4.0,NULL,NULL,NULL,NULL,NULL,NULL,NULL,8.3_4.74,9.69_3.84,10.36_3.02,10.46_2.44,10.25_2.13,9.7_1.87,8.8_1.64,NULL,NULL,NULL,NULL,NULL,NULL,NULL,NULL,NULL,NULL,NULL,NULL,NULL,NULL,NULL,NULL,NULL,NULL,NULL,NULL,NULL,NULL,NULL,NULL,NULL,NULL,NULL,NULL,NULL,NULL,NULL,NULL,NULL,NULL,NULL,NULL,NULL,NULL,NULL,NULL,NULL,NULL,NULL,NULL,NULL,NULL,NULL,NULL,NULL,NULL
4.1,NULL,NULL,NULL,NULL,NULL,NULL,NULL,6.81_5.6,8.61_5.01,9.74_4.2,10.2_3.51,10.21_3.09,9.87_2.73,9.2_2.43,8.13_2.08,NULL,NULL,NULL,NULL,NULL,NULL,NULL,NULL,NULL,NULL,NULL,NULL,NULL,NULL,NULL,NULL,NULL,NULL,NULL,NULL,NULL,NULL,NULL,NULL,NULL,NULL,NULL,NULL,NULL,NULL,NULL,NULL,NULL,NULL,NULL,NULL,NULL,NULL,NULL,NULL,NULL,NULL,NULL,NULL,NULL,NULL,NULL,NULL,NULL
4.2,NULL,NULL,NULL,NULL,NULL,NULL,NULL,NULL,6.94_6.06,8.58_5.52,9.55_4.82,9.88_4.3,9.85_3.82,9.44_3.45,8.68_3.08,7.71_2.66,NULL,NULL,NULL,NULL,NULL,NULL,NULL,NULL,NULL,NULL,NULL,NULL,NULL,NULL,NULL,NULL,NULL,NULL,NULL,NULL,NULL,NULL,NULL,NULL,NULL,NULL,NULL,NULL,NULL,NULL,NULL,NULL,NULL,NULL,NULL,NULL,NULL,NULL,NULL,NULL,NULL,NULL,NULL,NULL,NULL,NULL,NULL,NULL
4.3,NULL,NULL,NULL,NULL,NULL,NULL,NULL,NULL,NULL,6.99_6.55,8.47_6.05,9.2_5.53,9.54_4.97,9.42_4.51,8.94_4.11,8.27_3.73,NULL,NULL,NULL,NULL,NULL,NULL,NULL,NULL,NULL,NULL,NULL,NULL,NULL,NULL,NULL,NULL,NULL,NULL,NULL,NULL,NULL,NULL,NULL,NULL,NULL,NULL,NULL,NULL,NULL,NULL,NULL,NULL,NULL,NULL,NULL,NULL,NULL,NULL,NULL,NULL,NULL,NULL,NULL,NULL,NULL,NULL,NULL,NULL
4.4,NULL,NULL,NULL,NULL,NULL,NULL,NULL,NULL,NULL,5.44_7.05,7.24_6.9,8.33_6.49,9.04_5.93,9.21_5.42,8.96_4.98,8.49_4.6,7.58_4.03,NULL,NULL,NULL,NULL,NULL,NULL,NULL,NULL,NULL,NULL,NULL,NULL,NULL,NULL,NULL,NULL,NULL,NULL,NULL,NULL,NULL,NULL,NULL,NULL,NULL,NULL,NULL,NULL,NULL,NULL,NULL,NULL,NULL,NULL,NULL,NULL,NULL,NULL,NULL,NULL,NULL,NULL,NULL,NULL,NULL,NULL,NULL
4.5,NULL,NULL,NULL,NULL,NULL,NULL,NULL,NULL,NULL,NULL,5.45_7.56,6.89_7.46,8.09_7.03,8.67_6.52,8.75_6.04,8.51_5.65,7.91_5.14,6.91_4.39,NULL,NULL,NULL,NULL,NULL,NULL,NULL,NULL,NULL,NULL,NULL,NULL,NULL,NULL,NULL,NULL,NULL,NULL,NULL,NULL,NULL,NULL,NULL,NULL,NULL,NULL,NULL,NULL,NULL,NULL,NULL,NULL,NULL,NULL,NULL,NULL,NULL,NULL,NULL,NULL,NULL,NULL,NULL,NULL,NULL,NULL
4.6,NULL,NULL,NULL,NULL,NULL,NULL,NULL,NULL,NULL,NULL,NULL,5.09_8.05,6.74_7.96,7.79_7.56,8.25_7.08,8.27_6.69,7.95_6.2,7.29_5.6,6.42_4.85,NULL,NULL,NULL,NULL,NULL,NULL,NULL,NULL,NULL,NULL,NULL,NULL,NULL,NULL,NULL,NULL,NULL,NULL,NULL,NULL,NULL,NULL,NULL,NULL,NULL,NULL,NULL,NULL,NULL,NULL,NULL,NULL,NULL,NULL,NULL,NULL,NULL,NULL,NULL,NULL,NULL,NULL,NULL,NULL,NULL
4.7,NULL,NULL,NULL,NULL,NULL,NULL,NULL,NULL,NULL,NULL,NULL,NULL,4.99_8.56,6.52_8.45,7.43_8.07,7.75_7.7,7.72_7.23,7.35_6.69,6.78_6.13,NULL,NULL,NULL,NULL,NULL,NULL,NULL,NULL,NULL,NULL,NULL,NULL,NULL,NULL,NULL,NULL,NULL,NULL,NULL,NULL,NULL,NULL,NULL,NULL,NULL,NULL,NULL,NULL,NULL,NULL,NULL,NULL,NULL,NULL,NULL,NULL,NULL,NULL,NULL,NULL,NULL,NULL,NULL,NULL,NULL
4.8,NULL,NULL,NULL,NULL,NULL,NULL,NULL,NULL,NULL,NULL,NULL,NULL,3.33_8.68,5.14_8.99,6.46_8.8,7.08_8.49,7.34_8.04,7.19_7.55,6.82_7.07,6.08_6.26,NULL,NULL,NULL,NULL,NULL,NULL,NULL,NULL,NULL,NULL,NULL,NULL,NULL,NULL,NULL,NULL,NULL,NULL,NULL,NULL,NULL,NULL,NULL,NULL,NULL,NULL,NULL,NULL,NULL,NULL,NULL,NULL,NULL,NULL,NULL,NULL,NULL,NULL,NULL,NULL,NULL,NULL,NULL,NULL
4.9,NULL,NULL,NULL,NULL,NULL,NULL,NULL,NULL,NULL,NULL,NULL,NULL,NULL,3.18_9.2,4.93_9.46,5.95_9.32,6.61_8.96,6.77_8.52,6.62_8.1,6.16_7.46,5.39_6.52,NULL,NULL,NULL,NULL,NULL,NULL,NULL,NULL,NULL,NULL,NULL,NULL,NULL,NULL,NULL,NULL,NULL,NULL,NULL,NULL,NULL,NULL,NULL,NULL,NULL,NULL,NULL,NULL,NULL,NULL,NULL,NULL,NULL,NULL,NULL,NULL,NULL,NULL,NULL,NULL,NULL,NULL,NULL
5.0,NULL,NULL,NULL,NULL,NULL,NULL,NULL,NULL,NULL,NULL,NULL,NULL,NULL,1.08_8.8,2.99_9.7,4.42_9.92,5.56_9.76,6.09_9.4,6.18_9.04,5.96_8.51,5.47_7.8,4.68_6.71,NULL,NULL,NULL,NULL,NULL,NULL,NULL,NULL,NULL,NULL,NULL,NULL,NULL,NULL,NULL,NULL,NULL,NULL,NULL,NULL,NULL,NULL,NULL,NULL,NULL,NULL,NULL,NULL,NULL,NULL,NULL,NULL,NULL,NULL,NULL,NULL,NULL,NULL,NULL,NULL,NULL,NULL
5.1,NULL,NULL,NULL,NULL,NULL,NULL,NULL,NULL,NULL,NULL,NULL,NULL,NULL,NULL,0.82_9.3,2.46_10.09,4.12_10.35,5.12_10.17,5.49_9.88,5.55_9.44,5.28_8.87,4.77_8.09,4.14_7.1,NULL,NULL,NULL,NULL,NULL,NULL,NULL,NULL,NULL,NULL,NULL,NULL,NULL,NULL,NULL,NULL,NULL,NULL,NULL,NULL,NULL,NULL,NULL,NULL,NULL,NULL,NULL,NULL,NULL,NULL,NULL,NULL,NULL,NULL,NULL,NULL,NULL,NULL,NULL,NULL,NULL
5.2,NULL,NULL,NULL,NULL,NULL,NULL,NULL,NULL,NULL,NULL,NULL,NULL,NULL,NULL,NULL,0.6_9.72,2.58_10.55,4.03_10.67,4.71_10.49,5.03_10.13,4.96_9.65,4.62_9.02,4.17_8.3,3.38_6.86,NULL,NULL,NULL,NULL,NULL,NULL,NULL,NULL,NULL,NULL,NULL,NULL,NULL,NULL,NULL,NULL,NULL,NULL,NULL,NULL,NULL,NULL,NULL,NULL,NULL,NULL,NULL,NULL,NULL,NULL,NULL,NULL,NULL,NULL,NULL,NULL,NULL,NULL,NULL,NULL
5.3,NULL,NULL,NULL,NULL,NULL,NULL,NULL,NULL,NULL,NULL,NULL,NULL,NULL,NULL,NULL,-1.59_8.5,0.35_10.2,2.32_10.97,3.46_11.05,4.18_10.84,4.39_10.46,4.26_9.96,3.96_9.41,3.44_8.49,2.68_6.83,NULL,NULL,NULL,NULL,NULL,NULL,NULL,NULL,NULL,NULL,NULL,NULL,NULL,NULL,NULL,NULL,NULL,NULL,NULL,NULL,NULL,NULL,NULL,NULL,NULL,NULL,NULL,NULL,NULL,NULL,NULL,NULL,NULL,NULL,NULL,NULL,NULL,NULL,NULL
5.4,NULL,NULL,NULL,NULL,NULL,NULL,NULL,NULL,NULL,NULL,NULL,NULL,NULL,NULL,NULL,NULL,-2.01_8.9,0.11_10.67,1.78_11.3,3.05_11.38,3.62_11.14,3.72_10.75,3.57_10.32,3.22_9.64,2.71_8.65,NULL,NULL,NULL,NULL,NULL,NULL,NULL,NULL,NULL,NULL,NULL,NULL,NULL,NULL,NULL,NULL,NULL,NULL,NULL,NULL,NULL,NULL,NULL,NULL,NULL,NULL,NULL,NULL,NULL,NULL,NULL,NULL,NULL,NULL,NULL,NULL,NULL,NULL,NULL
5.5,NULL,NULL,NULL,NULL,NULL,NULL,NULL,NULL,NULL,NULL,NULL,NULL,NULL,NULL,NULL,NULL,NULL,-1.99_9.63,-0.06_11.05,1.8_11.63,2.79_11.59,3.15_11.3,3.14_10.96,2.91_10.4,2.51_9.64,2.0_8.52,NULL,NULL,NULL,NULL,NULL,NULL,NULL,NULL,NULL,NULL,NULL,NULL,NULL,NULL,NULL,NULL,NULL,NULL,NULL,NULL,NULL,NULL,NULL,NULL,NULL,NULL,NULL,NULL,NULL,NULL,NULL,NULL,NULL,NULL,NULL,NULL,NULL,NULL
5.6,NULL,NULL,NULL,NULL,NULL,NULL,NULL,NULL,NULL,NULL,NULL,NULL,NULL,NULL,NULL,NULL,NULL,-4.16_7.22,-2.69_9.69,-0.22_11.48,1.5_11.93,2.29_11.83,2.49_11.58,2.42_11.16,2.14_10.57,1.74_9.77,1.36_8.83,NULL,NULL,NULL,NULL,NULL,NULL,NULL,NULL,NULL,NULL,NULL,NULL,NULL,NULL,NULL,NULL,NULL,NULL,NULL,NULL,NULL,NULL,NULL,NULL,NULL,NULL,NULL,NULL,NULL,NULL,NULL,NULL,NULL,NULL,NULL,NULL,NULL
5.7,NULL,NULL,NULL,NULL,NULL,NULL,NULL,NULL,NULL,NULL,NULL,NULL,NULL,NULL,NULL,NULL,NULL,NULL,-4.91_6.72,-2.94_10.19,-0.31_11.88,1.19_12.17,1.71_12.06,1.85_11.76,1.69_11.31,1.37_10.69,1.04_10.01,0.61_8.87,NULL,NULL,NULL,NULL,NULL,NULL,NULL,NULL,NULL,NULL,NULL,NULL,NULL,NULL,NULL,NULL,NULL,NULL,NULL,NULL,NULL,NULL,NULL,NULL,NULL,NULL,NULL,NULL,NULL,NULL,NULL,NULL,NULL,NULL,NULL,NULL
5.8,NULL,NULL,NULL,NULL,NULL,NULL,NULL,NULL,NULL,NULL,NULL,NULL,NULL,NULL,NULL,NULL,NULL,NULL,NULL,-5.5_6.7,-3.02_10.78,-0.34_12.23,0.74_12.38,1.2_12.21,1.18_11.88,0.94_11.4,0.65_10.88,0.26_10.05,-0.13_8.88,NULL,NULL,NULL,NULL,NULL,NULL,NULL,NULL,NULL,NULL,NULL,NULL,NULL,NULL,NULL,NULL,NULL,NULL,NULL,NULL,NULL,NULL,NULL,NULL,NULL,NULL,NULL,NULL,NULL,NULL,NULL,NULL,NULL,NULL,NULL
5.9,NULL,NULL,NULL,NULL,NULL,NULL,NULL,NULL,NULL,NULL,NULL,NULL,NULL,NULL,NULL,NULL,NULL,NULL,NULL,NULL,-5.7_7.66,-2.29_11.71,-0.3_12.46,0.6_12.48,0.75_12.24,0.58_11.86,0.31_11.44,-0.07_10.77,-0.46_9.88,-0.79_8.62,NULL,NULL,NULL,NULL,NULL,NULL,NULL,NULL,NULL,NULL,NULL,NULL,NULL,NULL,NULL,NULL,NULL,NULL,NULL,NULL,NULL,NULL,NULL,NULL,NULL,NULL,NULL,NULL,NULL,NULL,NULL,NULL,NULL,NULL
6.0,NULL,NULL,NULL,NULL,NULL,NULL,NULL,NULL,NULL,NULL,NULL,NULL,NULL,NULL,NULL,NULL,NULL,NULL,NULL,NULL,NULL,-6.07_8.13,-2.31_12.07,-0.2_12.67,0.27_12.56,0.19_12.29,-0.06_11.96,-0.44_11.43,-0.85_10.74,-1.23_9.83,-1.49_8.82,NULL,NULL,NULL,NULL,NULL,NULL,NULL,NULL,NULL,NULL,NULL,NULL,NULL,NULL,NULL,NULL,NULL,NULL,NULL,NULL,NULL,NULL,NULL,NULL,NULL,NULL,NULL,NULL,NULL,NULL,NULL,NULL,NULL
6.1,NULL,NULL,NULL,NULL,NULL,NULL,NULL,NULL,NULL,NULL,NULL,NULL,NULL,NULL,NULL,NULL,NULL,NULL,NULL,NULL,NULL,NULL,-6.94_7.24,-1.22_12.67,-0.05_12.76,-0.06_12.58,-0.32_12.34,-0.74_11.93,-1.2_11.37,-1.63_10.66,-1.95_9.9,-2.22_8.73,-2.23_6.77,NULL,NULL,NULL,NULL,NULL,NULL,NULL,NULL,NULL,NULL,NULL,NULL,NULL,NULL,NULL,NULL,NULL,NULL,NULL,NULL,NULL,NULL,NULL,NULL,NULL,NULL,NULL,NULL,NULL,NULL,NULL
6.2,NULL,NULL,NULL,NULL,NULL,NULL,NULL,NULL,NULL,NULL,NULL,NULL,NULL,NULL,NULL,NULL,NULL,NULL,NULL,NULL,NULL,NULL,NULL,-5.44_10.57,0.26_12.86,0.11_12.74,-0.29_12.58,-0.85_12.28,-1.41_11.84,-1.94_11.26,-2.33_10.66,-2.72_9.76,-2.96_8.6,-2.97_7.24,NULL,NULL,NULL,NULL,NULL,NULL,NULL,NULL,NULL,NULL,NULL,NULL,NULL,NULL,NULL,NULL,NULL,NULL,NULL,NULL,NULL,NULL,NULL,NULL,NULL,NULL,NULL,NULL,NULL,NULL
6.3,NULL,NULL,NULL,NULL,NULL,NULL,NULL,NULL,NULL,NULL,NULL,NULL,NULL,NULL,NULL,NULL,NULL,NULL,NULL,NULL,NULL,NULL,NULL,-7.45_2.29,0.51_12.84,0.22_12.75,-0.24_12.61,-0.84_12.32,-1.43_11.9,-1.98_11.34,-2.39_10.76,-2.79_9.89,-3.06_8.79,-3.11_7.56,NULL,NULL,NULL,NULL,NULL,NULL,NULL,NULL,NULL,NULL,NULL,NULL,NULL,NULL,NULL,NULL,NULL,NULL,NULL,NULL,NULL,NULL,NULL,NULL,NULL,NULL,NULL,NULL,NULL,NULL
